epoch	cpu	rss_kb	threads	stage
1790699157	13.8	2297160	19	Direct SH Delta Bake
1790699167	14.7	2302032	19	Direct SH Delta Bake
1790699177	14.1	2309004	19	Direct SH Delta Bake
1790699187	12.4	2315864	19	Direct SH Delta Bake
1790699197	14.4	2322548	19	Direct SH Delta Bake
1790699207	14.2	2326140	19	Direct SH Delta Bake
1790699217	12.1	2332696	19	Direct SH Delta Bake
1790699227	8.9	2339364	19	Direct SH Delta Bake
1790699237	13.6	2345736	19	Direct SH Delta Bake
1790699247	13.5	2352056	19	Direct SH Delta Bake
1790699257	11.4	2358812	19	Direct SH Delta Bake
1790699267	13.1	2365684	19	Direct SH Delta Bake
1790699277	15.0	2372952	19	Direct SH Delta Bake
1790699288	12.0	2379960	19	Direct SH Delta Bake
1790699298	12.1	2387108	19	Direct SH Delta Bake
1790699308	16.7	2393860	19	Direct SH Delta Bake
1790699318	14.1	2400880	19	Direct SH Delta Bake
1790699328	15.2	2407532	19	Direct SH Delta Bake
1790699338	14.2	2414292	19	Direct SH Delta Bake
1790699348	15.9	2421156	19	Direct SH Delta Bake
1790699358	15.6	2428188	19	Direct SH Delta Bake
1790699368	16.9	2435156	19	Direct SH Delta Bake
1790699378	14.9	2442436	19	Direct SH Delta Bake
1790699388	14.0	2450036	19	Direct SH Delta Bake
1790699398	13.0	2457128	19	Direct SH Delta Bake
1790699408	15.1	2464440	19	Direct SH Delta Bake
1790699418	13.7	2471704	19	Direct SH Delta Bake
1790699428	17.7	2477912	19	Direct SH Delta Bake
1790699438	13.1	2484720	19	Direct SH Delta Bake
1790699448	13.5	2491948	19	Direct SH Delta Bake
1790699458	12.8	2498956	19	Direct SH Delta Bake
1790699469	17.7	2506348	19	Direct SH Delta Bake
1790699479	11.9	2513484	19	Direct SH Delta Bake
1790699489	15.1	2519308	19	Direct SH Delta Bake
1790699499	12.3	2524740	19	Direct SH Delta Bake
1790699509	15.0	2532256	19	Direct SH Delta Bake
1790699519	16.0	2539188	19	Direct SH Delta Bake
1790699529	15.6	2546556	19	Direct SH Delta Bake
1790699539	12.7	2552916	19	Direct SH Delta Bake
1790699549	15.7	2560508	19	Direct SH Delta Bake
1790699559	15.1	2567936	19	Direct SH Delta Bake
1790699569	15.9	2575168	19	Direct SH Delta Bake
1790699579	14.4	2582212	19	Direct SH Delta Bake
1790699589	17.7	2589684	19	Direct SH Delta Bake
1790699599	14.7	2596960	19	Direct SH Delta Bake
1790699610	12.4	2604220	19	Direct SH Delta Bake
1790699620	14.5	2611212	19	Direct SH Delta Bake
1790699630	14.6	2618616	19	Direct SH Delta Bake
1790699640	15.3	2623312	19	Direct SH Delta Bake
1790699650	14.6	2630352	19	Direct SH Delta Bake
1790699660	10.5	2638100	19	Direct SH Delta Bake
1790699670	12.6	2645384	19	Direct SH Delta Bake
1790699680	13.4	2652176	19	Direct SH Delta Bake
1790699690	14.4	2659580	19	Direct SH Delta Bake
1790699700	97.9	3019968	19	Direct SH Delta Bake
1790699710	100.0	3419860	17	Direct SH Delta Bake
1790699720	100.0	3468972	17	Direct SH Delta Bake
1790699730	100.0	3064504	17	Direct SH Delta Bake
1790699740	1402.2	2362200	18	13344.74s  Billboard direct scatter bake...
1790699750	107.7	2643728	18	13361.27s  Chunk light list bake...
1790699760	109.7	2648544	19	13371.22s  Shadowmask atlas bake...
1790699770	100.0	2648544	19	13371.22s  Shadowmask atlas bake...
1790699780	99.9	2648544	19	13371.22s  Shadowmask atlas bake...
1790699790	100.0	2648544	19	13371.22s  Shadowmask atlas bake...
1790699800	100.0	2648544	19	13371.22s  Shadowmask atlas bake...
1790699810	99.6	2648544	19	13371.22s  Shadowmask atlas bake...
1790699821	99.4	2648544	19	13371.22s  Shadowmask atlas bake...
1790699831	99.4	2648544	19	13371.22s  Shadowmask atlas bake...
1790699841	98.7	2648544	19	13371.22s  Shadowmask atlas bake...
1790699851	100.0	2648544	19	13371.22s  Shadowmask atlas bake...
1790699861	100.0	2648544	19	13371.22s  Shadowmask atlas bake...
1790699871	98.8	2648544	19	13371.22s  Shadowmask atlas bake...
1790699881	100.0	2648544	19	13371.22s  Shadowmask atlas bake...
1790699891	98.5	2648544	19	13371.22s  Shadowmask atlas bake...
1790699901	98.8	2648544	19	13371.22s  Shadowmask atlas bake...
1790699911	100.0	2648544	19	13371.22s  Shadowmask atlas bake...
1790699921	99.2	2648544	19	13371.22s  Shadowmask atlas bake...
1790699931	99.4	3105584	19	ShadowmaskAtlas
1790699941	100.0	3105648	19	ShadowmaskAtlas
1790699951	99.6	3105716	19	ShadowmaskAtlas
1790699961	99.7	3105780	19	ShadowmaskAtlas
1790699971	99.1	3105848	19	ShadowmaskAtlas
1790699981	98.6	3105912	19	ShadowmaskAtlas
1790699991	99.6	3105980	19	ShadowmaskAtlas
1790700001	99.1	3106044	19	ShadowmaskAtlas
1790700011	99.1	3106112	19	ShadowmaskAtlas
1790700021	99.0	3106176	19	ShadowmaskAtlas
1790700031	100.0	3106240	19	ShadowmaskAtlas
1790700041	99.1	3106304	19	ShadowmaskAtlas
1790700051	100.0	3106368	19	ShadowmaskAtlas
1790700061	99.2	3106432	19	ShadowmaskAtlas
1790700071	100.0	3106500	19	ShadowmaskAtlas
1790700081	99.0	3106564	19	ShadowmaskAtlas
1790700092	97.8	3106628	19	ShadowmaskAtlas
1790700102	100.0	3106692	19	ShadowmaskAtlas
1790700112	100.0	3106756	19	ShadowmaskAtlas
1790700122	98.8	3106824	19	ShadowmaskAtlas
1790700132	100.0	3106888	19	ShadowmaskAtlas
1790700142	99.9	3106952	19	ShadowmaskAtlas
1790700152	100.0	3107016	19	ShadowmaskAtlas
1790700162	99.8	3107080	19	ShadowmaskAtlas
1790700172	99.4	3107168	19	ShadowmaskAtlas
1790700182	99.8	3107224	19	ShadowmaskAtlas
1790700192	100.0	3107288	19	ShadowmaskAtlas
1790700202	99.3	3107348	19	ShadowmaskAtlas
1790700212	99.5	3107408	19	ShadowmaskAtlas
1790700222	100.0	3107468	19	ShadowmaskAtlas
1790700232	100.0	3107532	19	ShadowmaskAtlas
1790700242	99.6	3107596	19	ShadowmaskAtlas
1790700252	98.7	3107656	19	ShadowmaskAtlas
1790700262	99.9	3107720	19	ShadowmaskAtlas
1790700272	99.3	3107784	19	ShadowmaskAtlas
1790700282	100.0	3107848	19	ShadowmaskAtlas
1790700292	100.0	3107912	19	ShadowmaskAtlas
1790700302	98.4	3107976	19	ShadowmaskAtlas
1790700312	98.1	3108036	19	ShadowmaskAtlas
1790700322	100.0	2893316	18	13934.25s  Packing and writing...
1790700332	96.3	3000048	18	13934.25s  Packing and writing...
1790700342	98.2	3155656	18	13934.25s  Packing and writing...
1790700352	43.0	3424352	18	13934.25s  Packing and writing...
1790700363	EXITED
