epoch	cpu	rss_kb	threads	stage	elapsed_s	peak_ws_kb
1790997638	191.1	177816	11	6.04s  SH volume bake...	10	177816
1790997648	471.8	181372	11	6.04s  SH volume bake...	20	181372
1790997658	481.8	185188	9	6.04s  SH volume bake...	30	185200
1790997668	434.8	188528	9	6.04s  SH volume bake...	40	188528
1790997678	421.7	192128	9	6.04s  SH volume bake...	50	192128
1790997688	421.8	195696	8	6.04s  SH volume bake...	61	195696
1790997698	397.4	198020	8	6.04s  SH volume bake...	71	198020
1790997708	458.8	201356	8	6.04s  SH volume bake...	81	201356
1790997718	492.3	204680	8	6.04s  SH volume bake...	91	204680
1790997728	490.8	208088	8	6.04s  SH volume bake...	101	208088
1790997738	493.4	212392	8	6.04s  SH volume bake...	111	212392
1790997748	491.0	216152	8	6.04s  SH volume bake...	121	216152
1790997758	487.1	219368	8	6.04s  SH volume bake...	131	219368
1790997768	489.7	223112	8	6.04s  SH volume bake...	141	223112
1790997778	489.8	227212	8	6.04s  SH volume bake...	151	227212
1790997788	489.4	229820	8	6.04s  SH volume bake...	161	229820
1790997798	494.0	233384	8	6.04s  SH volume bake...	171	233384
1790997808	494.7	237496	8	6.04s  SH volume bake...	181	237496
1790997818	487.4	241016	8	6.04s  SH volume bake...	191	241016
1790997829	488.9	244432	8	6.04s  SH volume bake...	201	244432
1790997839	484.4	248468	8	6.04s  SH volume bake...	211	248468
1790997849	489.8	251912	8	6.04s  SH volume bake...	221	251912
1790997859	488.4	255520	8	6.04s  SH volume bake...	231	255520
1790997869	493.4	259156	8	6.04s  SH volume bake...	241	259156
1790997879	490.1	263524	8	6.04s  SH volume bake...	251	263524
1790997889	492.5	267952	8	6.04s  SH volume bake...	261	267952
1790997899	484.3	274192	8	6.04s  SH volume bake...	271	274192
1790997909	490.2	278252	8	6.04s  SH volume bake...	281	278252
1790997919	486.6	281900	8	6.04s  SH volume bake...	291	281900
1790997929	488.2	285568	10	6.04s  SH volume bake...	301	285568
1790997939	487.5	288452	10	6.04s  SH volume bake...	311	288452
1790997949	491.5	292260	10	6.04s  SH volume bake...	321	292260
1790997959	495.2	295560	10	6.04s  SH volume bake...	331	295560
1790997969	494.6	299140	10	6.04s  SH volume bake...	341	299140
1790997979	492.6	302528	10	6.04s  SH volume bake...	351	302528
1790997989	490.7	305592	10	6.04s  SH volume bake...	361	305592
1790997999	491.6	308568	10	6.04s  SH volume bake...	371	308568
1790998009	490.8	312660	10	6.04s  SH volume bake...	381	312660
1790998019	488.8	316424	10	6.04s  SH volume bake...	392	316424
1790998029	491.4	318332	10	6.04s  SH volume bake...	402	318332
1790998039	493.9	321524	8	6.04s  SH volume bake...	412	321524
1790998049	490.7	326880	8	6.04s  SH volume bake...	422	326880
1790998059	488.9	331084	8	6.04s  SH volume bake...	432	331084
1790998069	494.0	333768	8	6.04s  SH volume bake...	442	333768
1790998079	479.8	337856	8	6.04s  SH volume bake...	452	337856
1790998089	484.8	340520	8	6.04s  SH volume bake...	462	340520
1790998099	472.3	343276	8	6.04s  SH volume bake...	472	343276
1790998110	432.0	346048	8	6.04s  SH volume bake...	482	346048
1790998120	323.5	348636	8	6.04s  SH volume bake...	492	348636
1790998130	450.4	351540	8	6.04s  SH volume bake...	503	351540
1790998140	492.0	354704	8	6.04s  SH volume bake...	513	354704
1790998150	491.6	358600	8	6.04s  SH volume bake...	523	358600
1790998160	489.9	362816	8	6.04s  SH volume bake...	533	362816
1790998170	487.6	367676	8	6.04s  SH volume bake...	543	367676
1790998180	490.8	371164	8	6.04s  SH volume bake...	553	371164
1790998190	492.3	375168	8	6.04s  SH volume bake...	563	375168
1790998200	492.8	379644	8	6.04s  SH volume bake...	573	379644
1790998210	491.8	383472	8	6.04s  SH volume bake...	583	383472
1790998220	489.8	387056	8	6.04s  SH volume bake...	593	387056
1790998230	489.4	390544	9	6.04s  SH volume bake...	603	390544
1790998241	486.4	393808	9	6.04s  SH volume bake...	613	393808
1790998251	488.5	397236	9	6.04s  SH volume bake...	623	397236
1790998261	491.5	401272	9	6.04s  SH volume bake...	633	401272
1790998271	468.4	201892	9	642.38s  Delta SH volume bake...	643	576316
1790998281	458.9	217252	9	642.38s  Delta SH volume bake...	653	576316
1790998291	463.6	217060	9	642.38s  Delta SH volume bake...	663	576316
1790998301	455.6	232648	8	642.38s  Delta SH volume bake...	673	576316
1790998311	453.4	249524	8	642.38s  Delta SH volume bake...	683	576316
1790998321	424.4	266756	8	642.38s  Delta SH volume bake...	693	576316
1790998331	452.2	284192	8	642.38s  Delta SH volume bake...	703	576316
1790998341	468.4	297984	8	642.38s  Delta SH volume bake...	713	576316
1790998351	303.6	310036	8	642.38s  Delta SH volume bake...	723	576316
1790998361	224.3	623700	8	726.60s  Direct SH volume bake...	734	795912
1790998371	0.6	623700	8	726.60s  Direct SH volume bake...	744	795912
1790998381	0.0	623700	8	726.60s  Direct SH volume bake...	754	795912
1790998391	0.3	623700	8	726.60s  Direct SH volume bake...	764	795912
1790998401	159.1	749156	7	768.40s  Direct SH delta volume bake...	774	1455544
1790998411	276.9	266632	9	782.36s  Shadowmask atlas bake...	784	1455544
1790998421	446.4	1059740	9	782.36s  Shadowmask atlas bake...	794	1455544
1790998431	385.9	1082024	9	782.36s  Shadowmask atlas bake...	804	1455544
1790998441	416.7	1090328	9	782.36s  Shadowmask atlas bake...	814	1455544
1790998451	378.0	1088792	9	782.36s  Shadowmask atlas bake...	824	1455544
1790998461	354.1	1143052	9	782.36s  Shadowmask atlas bake...	834	1455544
1790998475	390.7	1117848	9	782.36s  Shadowmask atlas bake...	844	1455544
1790998500	218.5	1142832	9	782.36s  Shadowmask atlas bake...	857	1455544
1790998511	159.1	1140548	9	782.36s  Shadowmask atlas bake...	883	1455544
1790998521	377.5	1126724	9	782.36s  Shadowmask atlas bake...	893	1455544
1790998531	440.5	1158668	9	782.36s  Shadowmask atlas bake...	903	1455544
1790998541	369.6	1188716	9	782.36s  Shadowmask atlas bake...	913	1455544
1790998565	275.5	1232916	9	782.36s  Shadowmask atlas bake...	924	1455544
1790998595	56.7	1175932	9	782.36s  Shadowmask atlas bake...	948	1455544
1790998608	29.9	1185616	9	782.36s  Shadowmask atlas bake...	981	1455544
1790998618	398.7	1161340	9	782.36s  Shadowmask atlas bake...	991	1455544
1790998628	387.8	1204416	9	782.36s  Shadowmask atlas bake...	1001	1455544
1790998641	374.7	780052	8	1005.43s  Animated light weight maps...	1011	1455544
1790998667	340.4	1586052	8	1005.43s  Animated light weight maps...	1023	1586052
1790998686	0.1	1586052	8	1005.43s  Animated light weight maps...	1050	1586052
1790998696	23.3	845408	8	1062.34s  Packing and writing...	1069	1586052
1790998706	0.3	845408	8	1062.34s  Packing and writing...	1079	1586052
1790998716	0.0	845408	8	1062.34s  Packing and writing...	1089	1586052
1790998726	0.2	845408	8	1062.34s  Packing and writing...	1099	1586052
1790998781	4.7	705280	7	1062.34s  Packing and writing...	1131	1586052
1790998792	0.1	705280	7	1062.34s  Packing and writing...	1164	1586052
1790998792	EXITED
